create database shopeeinvoice;
use shopeeinvoice;

create table ITEM(
ItemNo      VARCHAR(9),
ItemDesc    VARCHAR(30) ,
PRIMARY KEY (ItemNo)
);
INSERT INTO ITEM(ITEMNO,ITEMDESC)VALUES(1,'THỜI TRANG NỮ');
INSERT INTO ITEM(ITEMNO,ITEMDESC)VALUES(2,'ĐIỆN THOẠI & PHỤ KIỆN');
INSERT INTO ITEM(ITEMNO,ITEMDESC)VALUES(3,'NHÀ SÁCH');
INSERT INTO ITEM(ITEMNO,ITEMDESC)VALUES(4,'THỂ THAO & DU LỊCH');
INSERT INTO ITEM(ITEMNO,ITEMDESC)VALUES(5,'SỨC KHỎE');

create table Location(
id numeric(6),
City varchar(20),
Distric varchar(40),
primary key(id)
);
INSERT INTO LOCATION(ID,CITY,DISTRIC)VALUES(11,'Ha Noi','HAI BÀ TRƯNG');
INSERT INTO LOCATION(ID,CITY,DISTRIC)VALUES(12,'Hanoi','ĐỐNG ĐA');
INSERT INTO LOCATION(ID,CITY,DISTRIC)VALUES(13,'HANOI','THANH XUÂN');
INSERT INTO LOCATION(ID,CITY,DISTRIC)VALUES(14,'HANOI','CẦU GIẤY');
INSERT INTO LOCATION(ID,CITY,DISTRIC)VALUES(15,'HANOI','HÀ ĐÔNG');
INSERT INTO LOCATION(ID,CITY,DISTRIC)VALUES(16,'HANOI','HOÀN KIẾM');
INSERT INTO LOCATION(ID,CITY,DISTRIC)VALUES(17,'HANOI','LONG BIÊN');
INSERT INTO LOCATION(ID,CITY,DISTRIC)VALUES(18,'HANOI','TÂY HỒ');
INSERT INTO LOCATION(ID,CITY,DISTRIC)VALUES(19,'HANOI','BA ĐÌNH');
INSERT INTO LOCATION(ID,CITY,DISTRIC)VALUES(20,'HANOI','SƠN TÂY');
INSERT INTO LOCATION(ID,CITY,DISTRIC)VALUES(21,'NAM ĐỊNH','HUYỆN VỤ BẢN');
INSERT INTO LOCATION(ID,CITY,DISTRIC)VALUES(22,'HANOI','HOÀNG MAI');
INSERT INTO LOCATION(ID,CITY,DISTRIC)VALUES(23,'HANOI','NAM TỪ LIÊM');
INSERT INTO LOCATION(ID,CITY,DISTRIC)VALUES(24,'HANOI','BA VÌ');
INSERT INTO LOCATION(ID,CITY,DISTRIC)VALUES(25,'HANOI','CHƯƠNG MỸ');
INSERT INTO LOCATION(ID,CITY,DISTRIC)VALUES(26,'HANOI','ĐAN PHƯỢNG');
INSERT INTO LOCATION(ID,CITY,DISTRIC)VALUES(27,'HANOI','BẮC TỪ LIÊM');
INSERT INTO LOCATION(ID,CITY,DISTRIC)VALUES(28,'HANOI','ĐÔNG ANH');
INSERT INTO LOCATION(ID,CITY,DISTRIC)VALUES(29,'HANOI','GIA LÂM');
INSERT INTO LOCATION(ID,CITY,DISTRIC)VALUES(30,'HANOI','MÊ LING');

create table Customer(
Cusid numeric(6),
Givenname varchar(50),
Surname varchar(50),
Address varchar(200),
id numeric(6),
Contactnumber varchar(15),
primary key(Cusid),
foreign key (id) references location(id)
);

INSERT into CUSTOMER(CUSID,GIVENNAME,SURNAME,ADDRESS,ID,Contactnumber)VALUES(1,'HOÀNG VĂN','MẠNH',' PHƯỜNG NGUYỄN DU',11,'0968523168');
INSERT into CUSTOMER(CUSID,GIVENNAME,SURNAME,ADDRESS,id,Contactnumber) VALUES(2,'LÊ HỮU','LONG',' PHƯỜNG NHÂN CHÍNH',13,'0968523159');
INSERT into CUSTOMER(CUSID,GIVENNAME,SURNAME,ADDRESS,id,Contactnumber)VALUES(3,'VŨ KHẮC','PHONG','PHƯỜNG ĐIỆN BIÊN',19,'0968523547');
INSERT into CUSTOMER(CUSID,GIVENNAME,SURNAME,ADDRESS,id,Contactnumber)VALUES(4,'TRẦN VĂN','MINH',' PHƯỜNG XUÂN ĐỈNH',27,'0968524147');
INSERT into CUSTOMER(CUSID,GIVENNAME,SURNAME,ADDRESS,id,Contactnumber)VALUES(5,'LÊ NGỌC','NGẠN','PHƯỜNG VĂN MIẾU',12,'0978523147');
INSERT into CUSTOMER(CUSID,GIVENNAME,SURNAME,ADDRESS,id,Contactnumber)VALUES(6,'HỒ THAN ','THỞ',' PHƯỜNG MINH KHAI',11,'0966523147');
INSERT into CUSTOMER(CUSID,GIVENNAME,SURNAME,ADDRESS,id,Contactnumber)VALUES(7,'LÊ VŨ','HÁN',' PHƯỜNG GIÁP BÁT',22,'0968523147');
INSERT into CUSTOMER(CUSID,GIVENNAME,SURNAME,ADDRESS,id,Contactnumber)VALUES(8,'PHAN ĐÌNH','TÙNG',' PHƯỜNG HOÀNG LIỆT',22,'0978623147');
INSERT into CUSTOMER(CUSID,GIVENNAME,SURNAME,ADDRESS,id,Contactnumber)VALUES(9,'HỨA MINH','ĐẠT',' PHƯỜNG MAI ĐỘNG',22,'0962523147');
INSERT into CUSTOMER(CUSID,GIVENNAME,SURNAME,ADDRESS,id,Contactnumber)VALUES(10,'BÙI LINH','CHI','PHƯỜNG CẦU DIỄN ',23,'0366620263');
INSERT into CUSTOMER(CUSID,GIVENNAME,SURNAME,ADDRESS,id,Contactnumber)VALUES(11,'NGUYỄN THỊ','THU',' PHƯỜNG XUÂN PHƯỜNG',23,'0968523174');
INSERT into CUSTOMER(CUSID,GIVENNAME,SURNAME,ADDRESS,id,Contactnumber)VALUES(12,'VŨ PHƯƠNG','LOAN',' PHƯỜNG KIM GIANG',13,'0985743624');
INSERT into CUSTOMER(CUSID,GIVENNAME,SURNAME,ADDRESS,id,Contactnumber)VALUES(13,'ĐÀO HUY','BÁCH',' PHƯỜNG THƯỢNG ĐÌNH',13,'0965738412');
INSERT into CUSTOMER(CUSID,GIVENNAME,SURNAME,ADDRESS,id,Contactnumber)VALUES(14,'NGUYỄN THỊ ','THÀNH',' PHƯỜNG CỔ NHUẾ',27,'0312684882');
INSERT into CUSTOMER(CUSID,GIVENNAME,SURNAME,ADDRESS,id,Contactnumber)VALUES(15,'VŨ THỊ','VÂN ANH',' PHƯỜNG Ô CHỢ DỪA',12,'0398510629');
INSERT into CUSTOMER(CUSID,GIVENNAME,SURNAME,ADDRESS,id,Contactnumber)VALUES(16,'NGUYỄN HÀ','PHƯƠNG',' PHƯỜNG LÁNG THƯỢNG',12,'0912843027');
INSERT into CUSTOMER(CUSID,GIVENNAME,SURNAME,ADDRESS,id,Contactnumber)VALUES(17,'TRẦN HUYỀN','TRANG',' TRẦN HUY LIỆU',21,'0333291315');
INSERT into CUSTOMER(CUSID,GIVENNAME,SURNAME,ADDRESS,id,Contactnumber)VALUES(18,'NGUYỄN MAI','TRÚC',' PHƯỜNG HOÀNG LIỆT',22,'0123456789');
INSERT into CUSTOMER(CUSID,GIVENNAME,SURNAME,ADDRESS,id,Contactnumber)VALUES(19,'NGUYỄN THỊ ','HUYỀN LINH',' PHƯỜNG KIM GIANG',13,'0385063395');
INSERT into CUSTOMER(CUSID,GIVENNAME,SURNAME,ADDRESS,id,Contactnumber)VALUES(20,'TRẦN HỮU','HÙNG',' PHƯỜNG VĨNH TUY',11,'0944445775');

create table  Shop(
Shopid numeric(4),
ShopName varchar(30),
LINK_SHOP varchar(50),
Contact_Number varchar(15),
Address varchar(200),
ITEMNO varchar(9),
primary key(Shopid),
foreign key (ITEMNO)references ITEM(ITEMNO)
);
INSERT INTO SHOP(Shopid,ShopName,LINK_SHOP,Contact_Number,Address,ITEMNO)VALUES(123,'YuME.HOUSE','https://shopee.vn//yume.house2','0902039797','342 hồ tùng mậu-hà nội','1');
INSERT INTO SHOP(Shopid,ShopName,LINK_SHOP,Contact_Number,Address,ITEMNO)VALUES(213,'lady.quangchau','https://shopee.vn/lady.quangchau','null','null','1');
INSERT INTO SHOP(Shopid,ShopName,LINK_SHOP,Contact_Number,Address,ITEMNO)VALUES(321,'ELISA-OFFICAL','https://shopee.vn/elisa.offical','0902039797','HANOI','1');
INSERT INTO SHOP(Shopid,ShopName,LINK_SHOP,Contact_Number,Address,ITEMNO)VALUES(456,'20AGAIN','https://shopee.vn/20again','0931.064.555','HÀ NỘI','1');
INSERT INTO SHOP(Shopid,ShopName,LINK_SHOP,Contact_Number,Address,ITEMNO)VALUES(546,' SamSung ','https://shopee.vn/samsung_official_store','1800588855','HANOI','2');
INSERT INTO SHOP(Shopid,ShopName,LINK_SHOP,Contact_Number,Address,ITEMNO)VALUES(654,'OPPO','https://shopee.vn/oppo_authorized_store_vn','1800577776','HANOI',2);
INSERT INTO SHOP(Shopid,ShopName,LINK_SHOP,Contact_Number,Address,ITEMNO)VALUES(789,'VIVO','https://shopee.vn/vivo_official_store_vn','18002083388','HANOI',2);
INSERT INTO SHOP(Shopid,ShopName,LINK_SHOP,Contact_Number,Address,ITEMNO)VALUES(879,'XIAOMI','https://shopee.vn/xiaomivn_official_store','19006015','HANOI',2);
INSERT INTO SHOP(Shopid,ShopName,LINK_SHOP,Contact_Number,Address,ITEMNO)VALUES(978,'COCOCHERRY MỘC AN','https://shopee.vn/cococherrymocan',' 0915.85.85.81','HANOI',5);
INSERT INTO SHOP(Shopid,ShopName,LINK_SHOP,Contact_Number,Address,ITEMNO)VALUES(234,'INNISFREE','https://shopee.vn/innisfreevietnam_officialstore','1900545478','HANOI',5);
INSERT INTO SHOP(Shopid,ShopName,LINK_SHOP,Contact_Number,Address,ITEMNO)VALUES(324,'ANESSA','https://shopee.vn/anessaofficialstore','02866833412','HANOI',5);
INSERT INTO SHOP(Shopid,ShopName,LINK_SHOP,Contact_Number,Address,ITEMNO)VALUES(432,'SENKA','https://shopee.vn/senka_officialstore','02835208673','HANOI',5);
INSERT INTO SHOP(Shopid,ShopName,LINK_SHOP,Contact_Number,Address,ITEMNO)VALUES(567,'LI-NING','https://shopee.vn/lining.com.vn','0867080807','HANOI',4);
INSERT INTO SHOP(Shopid,ShopName,LINK_SHOP,Contact_Number,Address,ITEMNO)VALUES(675,'HONG ANH SPORT WEAR ','https://shopee.vn/honganhsport','0981946818','HANOI',4);
INSERT INTO SHOP(Shopid,ShopName,LINK_SHOP,Contact_Number,Address,ITEMNO)VALUES(765,'DECATHLON','https://shopee.vn/decathlon_vietnam','18009044','HANOI','4');
INSERT INTO SHOP(Shopid,ShopName,LINK_SHOP,Contact_Number,Address,ITEMNO)VALUES(678,'ANTA','https://shopee.vn/anta.official','02432001053','HANOI',4);
INSERT INTO SHOP(Shopid,ShopName,LINK_SHOP,Contact_Number,Address,ITEMNO)VALUES(768,'MCB BOOKS','https://shopee.vn/nhasachmcbooks','02437921466','HANOI',3);
INSERT INTO SHOP(Shopid,ShopName,LINK_SHOP,Contact_Number,Address,ITEMNO)VALUES(876,'THANH HÀ BOOKS','https://shopee.vn/thanhhabooks_hcm','0388553222','HANOI',3);
INSERT INTO SHOP(Shopid,ShopName,LINK_SHOP,Contact_Number,Address,ITEMNO)VALUES(890,'DELI','https://shopee.vn/delivietnam','0868576696','HANOI',3);
INSERT INTO SHOP(Shopid,ShopName,LINK_SHOP,Contact_Number,Address,ITEMNO)VALUES(980,'KIM ĐỒNG','https://shopee.vn/nxbkimdong','02439434490','HANOI',3);

create table Product(
Proid numeric(4),
ProName varchar(50),
Price decimal(10,2),
SortDescrible varchar(300),
BrandName varchar(30),
Model varchar(30),
UnitType varchar(10),
Shopid numeric(4),
primary key (Proid),
foreign key(Shopid) References Shop(Shopid)
);
INSERT INTO PRODUCT(Proid,ProName,Price,Sortdescrible,BrandName,Model,Unittype,Shopid )VALUES(1,'TÝ QUẬY','40000','Tác giả: Đào Hải,Khuôn Khổ: 14,5x20,5 cm,Số trang: 172,Định dạng: bìa mềm,Trọng lượng: 185 gram,Bộ sách: Tý Quậy,Ngày phát hành: 28/07/2020','ĐÀO HẢI','MANGA','QUYỂN',980);
INSERT INTO PRODUCT(Proid,ProName,Price,Sortdescrible,BrandName,Model,Unittype,Shopid )VALUES(2,'Những thí nghiệm đơn giản','60000','Tácgiả:TomislavSenćanski,Khuôn Khổ: 14.5x20.5 cm,Trọng lượng: 180 gram,Ngày phát hành: 04/08/2020','TomislavSenćanski','EDUCATION','QUYỂN',980);
INSERT INTO PRODUCT(Proid,ProName,Price,Sortdescrible,BrandName,Model,Unittype,Shopid )VALUES(3,'CHỊ SÁU Ở CÔN ĐẢO','10000','TÁC GIẢ: LÊ QUANG VING, KHUÔN KHỔ:12x19 cm, SỐ TRANG: 48,TRỌNG LƯỢNG: 40 GRAM, BỘ SÁCH GIÁO DỤC TRUYỀN THỐNG, NGÀY PHÁT HÀNH:06/11/2020','LÊ QUANG VINH','VĂN HỌC VIỆT NAM','QUYỂN',980);
INSERT INTO PRODUCT(Proid,ProName,Price,Sortdescrible,BrandName,Model,Unittype,Shopid )VALUES(4,'LẤY NƯỚC ĐƯỜNG XA','48000','TÁC GIẢ:LINDA SURE PARK , NGÀY XUẤT BẢN:03/2021, NHÀ XUẤT BẢN LAO ĐỘNG,LOẠI BÌA MỀM, SỐ TRANG:168','LINDA SURE PARK','DOMETIC BOOKS ','QUYỂN',876);
INSERT INTO PRODUCT(Proid,ProName,Price,Sortdescrible,BrandName,Model,Unittype,Shopid )VALUES(5,'DIMOND YOU','76300','TÁC GIẢ:LAN KHUÊ, NGÀY XUẤT BẢN:09/2021,NHÀ XUẤT BẢN THẾ GIỚI, KÍCH THƯỚC: 14,5*20 CM,LOẠI: BÌA MỀM, SỐ TRANG:24','LAN KHUÊ','CAREERS& SELF HELP','QUYỂN',876);
INSERT INTO PRODUCT(Proid,ProName,Price,Sortdescrible,BrandName,Model,Unittype,Shopid )VALUES(6,'35 ĐIỀU PHỤ HUYNH KHÔNG NÊN LÀM','89000','TÁC GIẢ:TRẦN MỸ LING, NGÀY XUẤT BẢN:06/2019, KÍCH THƯỚC:13*19CM, NHÀ XUẤT BẢN PHỤ NỮ, DỊCH GIẢ NGUYỄN TRANG, LOẠI BÌA MỀM, SỐ TRANG 269','TRẦN MỸ LINH','PARENTING& FAMILY','QUYỂN',876);
INSERT INTO PRODUCT(Proid,ProName,Price,Sortdescrible,BrandName,Model,Unittype,Shopid )VALUES(7,'KEM DƯỠNG BODY MỘC AN','280000','THÀNH PHẦN: SÁP ONG, DẦU QUẢ BƠ,DẦU ARGAN..,KHỐI LƯỢNG: 250G,KÍCH CỠ SIZE MAX, XUẤT XỨ:VIỆT NAM','MỘC AN','BATH& BODY CARE','HỘP',978);
INSERT INTO PRODUCT(Proid,ProName,Price,Sortdescrible,BrandName,Model,Unittype,Shopid )VALUES(8,'SỮA TẮM THẢO MỘC TINH DẦU SẢ','220000','TRỌNG LƯỢNG:250G, XUẤT XỨ: VIỆT NAM, BẢO QUẢN : NƠI KHÔ RÁO TRÁNH ÁNH NẮNG VÀ NGUỒN NHIỆT,HẠN SỬ DỤNG: 24 THÁNG SAU MỞ NẮP 6 THÁNG','COCOCHERRY MỘC AN','BODY WASH& SOAP','HỘP',978);
INSERT INTO PRODUCT(Proid,ProName,Price,Sortdescrible,BrandName,Model,Unittype,Shopid )VALUES(9,'TINH CHẤT DƯỠNG TÓC','150000','TRỌNG LƯỢNG:100ML/CHAI,XUẤT XỨ : VIỆT NAM,DẠNG LỎNG','MỘC AN','HAIR CARE ', 'CHAI',978);
INSERT INTO PRODUCT(Proid,ProName,Price,Sortdescrible,BrandName,Model,Unittype,Shopid )VALUES(10,'GIÀY ANTA CLOUD','1539000','MÀU TÍM, SIXE 6.5, VẢI LƯỚI,XUẤT XỨ TRUNG QUỐC','ANTA','TRAINING SHOES','SẢN PHẨM',678);
INSERT INTO PRODUCT(Proid,ProName,Price,Sortdescrible,BrandName,Model,Unittype,Shopid )VALUES(11,'BALO QUENCHA NH100','100000','MÀU XANH ĐẬM,KÍCH THƯỚC: CAO 39 CM, DÀI 30CM, DÀY 12CM, THỂ TÍCH 10L, SIÊU NHẸ 150G, XUẤT XỨ VIỆT NAM','QUECHA','BACKPACKS','SẢN PHẨM',765);
INSERT INTO PRODUCT(Proid,ProName,Price,Sortdescrible,BrandName,Model,Unittype,Shopid )VALUES(12,'THẢM YOGA CHỐNG TRƯỢT','350000','MÀU TÍM ĐẬM, HAI LỚP, TẶNG TÚI ĐỰNG','YOGA CAT','YOGA ','SẢN PHẨM',675);
INSERT INTO PRODUCT(Proid,ProName,Price,Sortdescrible,BrandName,Model,Unittype,Shopid )VALUES(13,'ÁO NỈ THỂ THAO','1149000','MÀU XANH, SIZE:L, 70% COTTON 30% POLYESTER, XUẤT XỨ TRUNG QUỐC','ANTA','JOGGERS','SẢN PHẨM','678');
INSERT INTO PRODUCT(Proid,ProName,Price,Sortdescrible,BrandName,Model,Unittype,Shopid )VALUES(14,'QUẦN SHORT CHẠY BỘ NAM','282000','MÀU SẮC XÁM, SIZE:XL, THÀNH PHẦN: 100% POLUESTER','DECATLON','BOTTOMS','SẢN PHẨM',765);
INSERT INTO PRODUCT(Proid,ProName,Price,Sortdescrible,BrandName,Model,Unittype,Shopid )VALUES(15,'ÁO THỂ THAO NAM','250000','MÀU ĐEN, CHUYÊN DỤNG TẬP GYM, CHẠY BỘ, SIZE:L:55-65KG','YINGHU','SETS','SẢN PHẨM',675);
INSERT INTO PRODUCT(Proid,ProName,Price,Sortdescrible,BrandName,Model,Unittype,Shopid )VALUES(16,'ÁO KHOÁC BOMBER','334000','UNISEX, CHẤT LIỆU NỈ DA,FREESIZE:<65KG NỮ, NAM<78KG','LADY QUẢNG CHÂU','JACKETS','SẢN PHẨM',213);
INSERT INTO PRODUCT(Proid,ProName,Price,Sortdescrible,BrandName,Model,Unittype,Shopid )VALUES(17,'SON DƯỠNG','100000','XUẤT XỨ: NHẬT BẢN, KHỐI LƯỢNG:4.5G','SENKA','MAKEUP','SẢN PHẨM',432);
INSERT INTO PRODUCT(Proid,ProName,Price,Sortdescrible,BrandName,Model,Unittype,Shopid )VALUES(18,'COMBO ANESSA PERFECT UV SUNSCREEN ','960000','SỮA CHỐNG NẮNG:60ML, XUẤT XỨ NHẬT BẢN','ANESSA','SKINCARE','SẢN PHẨM',324);
INSERT INTO PRODUCT(Proid,ProName,Price,Sortdescrible,BrandName,Model,Unittype,Shopid )VALUES(19,'MẶT NẠ NGỦ','50000','THÀNH PHẦN RONG BIỂN TAN HOÀN TOÀN, XUẤT XỨ HÀN QUỐC','INNISFREE','SKINCARE','SẢN PHẨM',234);
INSERT INTO PRODUCT(Proid,ProName,Price,Sortdescrible,BrandName,Model,Unittype,Shopid )VALUES(20,'COMBO KEM DƯỠNG BAN NGÀY & BAN ĐÊM','498000','XUẤT XỨ: NHẬT BẢN, KHỐI LƯỢNG:50G/ HŨ ','SENKA','SKIN CARE','SẢN PHẨM',432);
INSERT INTO PRODUCT(Proid,ProName,Price,Sortdescrible,BrandName,Model,Unittype,Shopid )VALUES(21,'BỘ XỊT CHỐNG NẮNG','1120000','GOLD MILK:60ML, XỊT CHỐNG NẮNG:60G, XUẤT XỨ NHẬT BẢN','ANESSA','BODY CARE ','SẢN PHẨM',324);
INSERT INTO PRODUCT(Proid,ProName,Price,Sortdescrible,BrandName,Model,Unittype,Shopid )VALUES(22,'SỮA DƯỠNG THỂ NƯỚC HOA','340000','XUẤT XỨ HÀN QUỐC, HẠN SỬ DỤNG 3 NĂM KỂ TỪ NGÀY SẢN XUẤT','INNISFREE','BODY CARE ','SẢN PHẨM',234);
INSERT INTO PRODUCT(Proid,ProName,Price,Sortdescrible,BrandName,Model,Unittype,Shopid )VALUES(23,'SỮA RỬA MẶT TẠO BỌT','100000','XUẤT XƯ NHẬT BẢN, PHÙ HỢP DA DẦU VÀ DA THƯỜNG','SENKA','SKINCARE','SẢN PHẨM',432);
INSERT INTO PRODUCT(Proid,ProName,Price,Sortdescrible,BrandName,Model,Unittype,Shopid )VALUES(24,'BỘ CHỐNG NẮNG DƯỠNG DA','2220000','XUẤT XỨ: NHẬT BẢN, COMBO: 2 SUNSCREEN MILK 60ML','ANESSA','SKINCARE/FACE','SẢN PHẨM',324);
INSERT INTO PRODUCT(Proid,ProName,Price,Sortdescrible,BrandName,Model,Unittype,Shopid )VALUES(25,'SỮA TẮM DƯỠNG ẨM','260000','CHAI NHỰA MÀU XANH, DUNG TÍCH 300ML, PHÙ HỢP MỌI LOẠI DA, THÀNH PHẦN TRÀ XANH','INNISFREE','BATH& BODY CARE ','SẢN PHẨM',234);
INSERT INTO PRODUCT(Proid,ProName,Price,Sortdescrible,BrandName,Model,Unittype,Shopid )VALUES(26,'ROBOT HÚT BỤI','5990000','MÀU TRẮNG, LỰC HÚT:2200 PA, PIN 2500MAH','XIAOMI','HANDHELD VACUUM CLEANERS','SẢN PHẨM',879);
INSERT INTO PRODUCT(Proid,ProName,Price,Sortdescrible,BrandName,Model,Unittype,Shopid )VALUES(27,'VIVO V23E','8490000','MÀU ĐEN, RAM:8GB, BỐ NHỚ TRONG:12GB','VIVO','MOBILE','SẢN PHẨM',789);
INSERT INTO PRODUCT(Proid,ProName,Price,Sortdescrible,BrandName,Model,Unittype,Shopid )VALUES(28,'OPPO A95','6990000','MÀU ĐEN, RAM:8GB, BỘ NHỚ TRONG:128GB','OPPO','MOBILE','SẢN PHẨM',654);
INSERT INTO PRODUCT(Proid,ProName,Price,Sortdescrible,BrandName,Model,Unittype,Shopid )VALUES(29,'XIAOMI WATCH LITE','1990000','MÀN HÌNH 1.4, KHÁNG NƯỚC, PIN LÂU BỀN','XIAOMI','SAMRTWATCHES ','SẢN PHẨM',879);
INSERT INTO PRODUCT(Proid,ProName,Price,Sortdescrible,BrandName,Model,Unittype,Shopid )VALUES(30,'VIVOX6 PRO','14790000','MÀU ĐEN, RAM:12GB, BỘ NHỚ TRONG:256GB','VIVO','MOBILE','SẢN PHẨM',789);
INSERT INTO PRODUCT(Proid,ProName,Price,Sortdescrible,BrandName,Model,Unittype,Shopid )VALUES(31,'TAI NGHE TRUE WIRRELESS W31','1990000','DUNG LƯỢNG PIN 24MAH/ TAI NGHE, HỘP SẠC 350MAH, KHỐI LƯỢNG:50G','OPPO','HEAD PHONE','SẢN PHẨM',654);
INSERT INTO PRODUCT(Proid,ProName,Price,Sortdescrible,BrandName,Model,Unittype,Shopid )VALUES(32,'CHỘT KHÔNG DÂY','390000','MÀU TRẮNG, PIN2*AAA, BLUETOOTH 4.2, TRỌNG LƯỢNG:93G','XIAOMI','MICE','SẢN PHẨM',879);
INSERT INTO PRODUCT(Proid,ProName,Price,Sortdescrible,BrandName,Model,Unittype,Shopid )VALUES(33,'VIVO Y20','3990000','MÀU: TRẮNG, RAM:4GB, BỘ NHỚ TRONG:64GB','VIVO','MOBILE','SẢN PHẨM',789);
INSERT INTO PRODUCT(Proid,ProName,Price,Sortdescrible,BrandName,Model,Unittype,Shopid )VALUES(34,'OPPO A16','3990000','MÀU BẠC, RAM:4GB, BỘ NHỚ TRONG:64GB','OPPO','MOBILE','SẢN PHẨM',654);
INSERT INTO PRODUCT(Proid,ProName,Price,Sortdescrible,BrandName,Model,Unittype,Shopid )VALUES(35,'TIẾNG HÀN','32000','TÁC GIẢ: NHIỀU TÁC GIẢ, NHÀ XUẤT BẢN: ĐẠI HỌC QUỐC GIA HÀ NỘI,CÔNG TY: MCBOOKS,SỐ TRANG:378,NĂM XUẤT BẢN:2019','NHIỀU TÁC GIẢ','SÁCH HỌC NGOẠI NGỮ','SẢN PHẨM',768);
INSERT INTO PRODUCT(Proid,ProName,Price,Sortdescrible,BrandName,Model,Unittype,Shopid )VALUES(36,'MIND MAP ENGLISH GRAMMAR','190000','TÁC GIẢ: NHIỀU TÁC GIẢ, NHÀ XUẤT BẢN: HỒNG ĐỨC,SỐ TRANG:292,NĂM XUẤT BẢN:2019, NGÔN NGỮ ANH','NHIỀU TÁC GIẢ','FOREIGN BOOKS','SẢN PHẨM',768);
INSERT INTO PRODUCT(Proid,ProName,Price,Sortdescrible,BrandName,Model,Unittype,Shopid )VALUES(37,'ÁO THUN NAM ATLR-127-3','850000','MÀU:ĐEN, SIZE:L, XUẤT XỨ TRUNG QUỐC, DÀI TAY','LI-NING','T-SHIRT','SẢN PHẨM',567);
INSERT INTO PRODUCT(Proid,ProName,Price,Sortdescrible,BrandName,Model,Unittype,Shopid )VALUES(38,'THƯỚC DÂY-8214','28000','ĐỘ DÀI 1.5M, SỐ ĐO TRÊN 2 MẶT: INCH VÀ CM, ĐƯỜNG KÍNH:4.2CM','DELI','TOOL & HOME IMPROVEMENT','SẢN PHẨM',890);
INSERT INTO PRODUCT(Proid,ProName,Price,Sortdescrible,BrandName,Model,Unittype,Shopid )VALUES(39,'GIÀY SUPER LIGHT 18 ARVR007-1','2190000','SIZE:8.5, KHÔNG SỬ DỤNG CHẤT TẨY,XUẤT XỨ: TRUNG QUỐC, NAM','LI-NING','RUNNING SHOES','SẢN PHẨM',567);
INSERT INTO PRODUCT(Proid,ProName,Price,Sortdescrible,BrandName,Model,Unittype,Shopid )VALUES(40,'MÁY ĐỤC LỖ E0103','52710','MÀU XANH DƯƠNG, GIỚI HẠN: 10 TỜ DELI, VỎ NHỰA, TAY CẦM BỌC NHỰA','DELI','HOLE PUNCHERS/ SCHOOL& OFFICAL','SẢN PHẨM',890);
INSERT INTO PRODUCT(Proid,ProName,Price,Sortdescrible,BrandName,Model,Unittype,Shopid )VALUES(41,'ÁO KHOÁC NỈ AWYP007-2','1390000','MÀU TRẮNG, SIZE XL, CHẤT LIỆU VẢI NIT CAO CẤP, CÔT CAO, TAY DÀI, BO GẤU, DÁNG ÔM NHẸ','LI-NING','JOGGERS','SẢN PHẨM',567);
INSERT INTO PRODUCT(Proid,ProName,Price,Sortdescrible,BrandName,Model,Unittype,Shopid )VALUES(42,'TỰ HỌC 2000 TỪ VỰNG','65000','TÁC GIẢ THE WINDY, NHÀ XUẤT BẢN: HỒNG ĐỨC, CÔNG TY PHÁT HÀNH: MCBOOKS,NĂM XUẤT BẢN: 2017 ','THE WINDY ','LANGUAGE LEARNING','SẢN PHẨM',768);
INSERT INTO PRODUCT(Proid,ProName,Price,Sortdescrible,BrandName,Model,Unittype,Shopid )VALUES(43,'MÀU NƯỚC DẠNG NÉN ','250000','24 MÀU-73876, KÍCH THƯỚC: 179MM-193MM','DELI','COLOR PENCILS','SẢN PHẨM',890);
INSERT INTO PRODUCT(Proid,ProName,Price,Sortdescrible,BrandName,Model,Unittype,Shopid )VALUES(44,'DÂY NHẢY','49000','MÀU: ĐEN, LÕI THÉP, NHỰA, KÍCH THƯỚC TAY CẦM DÀI:15.5 CM, DÂY DÀI:2.8 M','MALEROADS','FITNESS EQUPMENT','SẢN PHẨM',675);
INSERT INTO PRODUCT(Proid,ProName,Price,Sortdescrible,BrandName,Model,Unittype,Shopid )VALUES(45,'ÁO THUN THỂ THAO NỮ','109000','MÀU: ĐEN, SIZE: EU40 ','KALENJI','T-SHIRT','SẢN PHẨM',765);
INSERT INTO PRODUCT(Proid,ProName,Price,Sortdescrible,BrandName,Model,Unittype,Shopid )VALUES(46,'GIÀY ANTA A-SILO 812115582-2','1339000','MÀU: ĐEN, SIZE:8, CHẤT LIỆU VẢI LƯỚI, XUẤT XỨ: TRUNG QUỐC','ANTA','TRAINING SHOES','SẢN PHẨM',678);
INSERT INTO PRODUCT(Proid,ProName,Price,Sortdescrible,BrandName,Model,Unittype,Shopid )VALUES(47,'GALAXY WATCH3 BLUETOOTH','9490000','RAM:1GB, ROM:8GB, MÀN HÌNH:30.2MM','SAMSUNG ','MOBLIE','SẢN PHẨM',546);
INSERT INTO PRODUCT(Proid,ProName,Price,Sortdescrible,BrandName,Model,Unittype,Shopid )VALUES(48,'GALAXY A12','4290000','RAM:4GB BỘ NHỚ TRONG:128GB,MÀU:ĐEN','SAMSUNG ','MOBILE PHONES','SẢN PHẨM',546);
INSERT INTO PRODUCT(Proid,ProName,Price,Sortdescrible,BrandName,Model,Unittype,Shopid )VALUES(49,' SAMSUNG GALAXY Z FOLD3','44990000','MÀU:BẠC PHANTOM,RAM:12G,BỘ NHỚ TRONG:512GB','SAMSUNG ','MOBILE PHONES','SẢN PHẨM',546);
INSERT INTO PRODUCT(Proid,ProName,Price,Sortdescrible,BrandName,Model,Unittype,Shopid )VALUES(50,'ÁO KHOÁC NAM M52AC BE','527000','XUẤT XỨ: TRUNG QUỐC, FORM RỘNG,UNISEX, SIZE XL:68-78KG','ELISA OFFICAL','WINTER JACKET & COATS','SẢN PHẨM',321);
INSERT INTO PRODUCT(Proid,ProName,Price,Sortdescrible,BrandName,Model,Unittype,Shopid )VALUES(51,'CHÂN VÁY TENNIS M86AC-ĐEN','154000','KIỂU:CHỮ A, SIZE: M, DÀI 41CM, EO:68CM','ELISA OFFICAL','SKIRTS','SẢN PHẨM',321);
INSERT INTO PRODUCT(Proid,ProName,Price,Sortdescrible,BrandName,Model,Unittype,Shopid )VALUES(52,'ÁO LEN NỮ ÔM BE','385000','CỔ TRÒN, CÚC CÀI, CHẤT LIỆU:LEN LÔNG THỎ,DÀI TAY, SIZE M:156-160CM,45-50KG, XUẤT XỨ: VIỆT NAM','20AGAIN','SWEATERS& CARDIGANS','SẢN PHẨM',456);
INSERT INTO PRODUCT(Proid,ProName,Price,Sortdescrible,BrandName,Model,Unittype,Shopid )VALUES(53,'ÁO KHOÁC CARDIGAN NỮ','525000','DÁNG DÀI, MÀU BE, SIZE M:150-159CM, 48-55KG, CHẤT LIỆU: LEN CAO CẤP, XUẤT XỨ:VIỆT NAM','20AGAIN','CARDIGAN','SẢN PHẨM',456);
INSERT INTO PRODUCT(Proid,ProName,Price,Sortdescrible,BrandName,Model,Unittype,Shopid )VALUES(54,'ÁO LEN ĐÔI M49AC XANH','371000','XUẤT XỨ: TRUNG QUỐC, KIỂU: FORM RỘNG, FREESIZE:<75KG, CHIỀU DÀI:65CM,NGỰC: 115CM,ÁO LEN DÀI TAY, CHẤT LIỆU LEN DÀY','ELISA OFFICAL ','SWEATERS & CARDIGAN','SẢN PHẨM',321);
INSERT INTO PRODUCT(Proid,ProName,Price,Sortdescrible,BrandName,Model,Unittype,Shopid )VALUES(55,'QUẦN BAGGY KẺ ĐEN','485000','CHẤT LIỆU: THÔ KẺ, SIZE M, XUẤT XỨ: VIỆT NAM','20AGAIN','PANTS','SẢN PHẨM',456);
INSERT INTO PRODUCT(Proid,ProName,Price,Sortdescrible,BrandName,Model,Unittype,Shopid )VALUES(56,'MŨ TAI BÈO','109000','CHẤT LIỆU: DA LỘN, LÔNG CỪU,HÀNG QUẢNH CHÂU','LADY QUẢNG CHÂU','HATS& CAPS','SẢN PHẨM',213);
INSERT INTO PRODUCT(Proid,ProName,Price,Sortdescrible,BrandName,Model,Unittype,Shopid )VALUES(57,'ĐỒ NGỦ MD20','165000','SIZE: FREE SIZE<60KG,CHẤT VẢI: LỤA CAO CẤP, NGẮN TAY','YUME HOUSE','PIJAMA ','COMBO',123);
INSERT INTO PRODUCT(Proid,ProName,Price,Sortdescrible,BrandName,Model,Unittype,Shopid )VALUES(58,'ÁO GILE','297000','ÁO LEN GILE NỮ HÀNG QUẢNG CHÂU, SIZE: FREE SIZE<65KG','LADY QUẢNG CHÂU','SWEATER& CARDIGAN ','SẢN PHẨM',213);
INSERT INTO PRODUCT(Proid,ProName,Price,Sortdescrible,BrandName,Model,Unittype,Shopid )VALUES(59,'TẤT GẤU','12000','HÀNG QUẢNG CHÂU','YUME HOUSE','CAO CỔ','CẶP',123);
INSERT INTO PRODUCT(Proid,ProName,Price,Sortdescrible,BrandName,Model,Unittype,Shopid )VALUES(60,'PIJAMA MẶC NHÀ MGD49','175000','SIZE:FREE SIZE<60KG, CHẤT VẢI: LỤA CAO CẤP, KIỂU DÁNG: DÀI TAY','YUME HOUSE','PIJAMA ','COMBO',123);

create table Method(
MethodId numeric(1),
Metypes char(10),
primary key(MethodId)
);
INSERT INTO METHOD(METHODID,METYPES)VALUES(1,'CARD ');
INSERT INTO METHOD(METHODID,METYPES)VALUES(2,'CASH');
create table Shipping(
BrandName varchar(20),
Transport_fee decimal(10,2),
Shipid numeric(1),
primary key(Shipid)
);
INSERT INTO SHIPPING(BRANDNAME,TRANSPORT_FEE, SHIPID)VALUES('FAST','30000',1);
INSERT INTO SHIPPING(BRANDNAME,TRANSPORT_FEE, SHIPID)VALUES('NORMAL','20000',2);


create table Employee(
FullName char(100),
EmId numeric(6),
ContactNumber numeric(12),
Email varchar(30),
primary key(EmId)
);
INSERT INTO EMPLOYEE(FULLNAME,EMID,CONTACTNUMBER, EMAIL)VALUES('TRAN VAN A',1,'0123456789','TRANVANA@GMAIL.COM');
INSERT INTO EMPLOYEE(FULLNAME,EMID,CONTACTNUMBER, EMAIL)VALUES('TRAN VAN B',2,'0123456789','TRANVANB@GMAIL.COM');
INSERT INTO EMPLOYEE(FULLNAME,EMID,CONTACTNUMBER, EMAIL)VALUES('TRAN VAN C',3,'0123456789','TRANVANC@GMAIL.COM');
INSERT INTO EMPLOYEE(FULLNAME,EMID,CONTACTNUMBER, EMAIL)VALUES('TRAN VAN D',4,'0123456789','TRANVAND@GMAIL.COM');
INSERT INTO EMPLOYEE(FULLNAME,EMID,CONTACTNUMBER, EMAIL)VALUES('TRAN VAN E',5,'0123456789','TRANVANE@GMAIL.COM');
INSERT INTO EMPLOYEE(FULLNAME,EMID,CONTACTNUMBER, EMAIL)VALUES('TRAN VĂN F',6,'0123456789','TRANVANF@GMAIL.COM');
INSERT INTO EMPLOYEE(FULLNAME,EMID,CONTACTNUMBER, EMAIL)VALUES('TRAN VAN G',7,'0123456789','TRANVANG@GMAIL.COM');
INSERT INTO EMPLOYEE(FULLNAME,EMID,CONTACTNUMBER, EMAIL)VALUES('TRAN VAN H',8,'0123456789','TRANVANH@GMAIL.COM');
INSERT INTO EMPLOYEE(FULLNAME,EMID,CONTACTNUMBER, EMAIL)VALUES('TRAN VAN I',9,'0123456789','TRANVANI@GMAIL.COM');
INSERT INTO EMPLOYEE(FULLNAME,EMID,CONTACTNUMBER, EMAIL)VALUES('TRAN VAN J',10,'0123456789','TRANVANJ@GMAIL.COM');
INSERT INTO EMPLOYEE(FULLNAME,EMID,CONTACTNUMBER, EMAIL)VALUES('TRAN VAN K',11,'0123456789','TRANVANK@GMAIL.COM');
INSERT INTO EMPLOYEE(FULLNAME,EMID,CONTACTNUMBER, EMAIL)VALUES('TRAN VAN L',12,'0123456789','TRANVANL@GMAIL.COM');
INSERT INTO EMPLOYEE(FULLNAME,EMID,CONTACTNUMBER, EMAIL)VALUES('TRAN VAN M',13,'0123456789','TRANVANM@GMAIL.COM');
INSERT INTO EMPLOYEE(FULLNAME,EMID,CONTACTNUMBER, EMAIL)VALUES('TRAN VAN N',14,'0123456789','TRANVANN@GMAIL.COM');
INSERT INTO EMPLOYEE(FULLNAME,EMID,CONTACTNUMBER, EMAIL)VALUES('TRAN VAN O',15,'0123456789','TRANVANO@GMAIL.COM');
INSERT INTO EMPLOYEE(FULLNAME,EMID,CONTACTNUMBER, EMAIL)VALUES('TRAN VAN P',16,'0123456789','TRANVANP@GMAIL.COM');
INSERT INTO EMPLOYEE(FULLNAME,EMID,CONTACTNUMBER, EMAIL)VALUES('TRAN VAN Q',17,'0123456789','TRANVANQ@GMAIL.COM');
INSERT INTO EMPLOYEE(FULLNAME,EMID,CONTACTNUMBER, EMAIL)VALUES('TRAN VAN R',18,'0123456789','TRANVANR@GMAIL.COM');
INSERT INTO EMPLOYEE(FULLNAME,EMID,CONTACTNUMBER, EMAIL)VALUES('TRAN VAN S',19,'0123456789','TRANVANS@GMAIL.COM');
INSERT INTO EMPLOYEE(FULLNAME,EMID,CONTACTNUMBER, EMAIL)VALUES('TRAN VAN T',20,'0123456789','TRANVANT@GMAIL.COM');

Create table Discount(
ID numeric(3),
Start_Date datetime,
End_Date datetime,
Discout_VALUESs varchar(3),
SHOPID  numeric(4),
primary key (ID),
foreign key (SHOPID)references SHOP(SHOPID)
);
INSERT INTO DISCOUNT(ID,START_DATE,END_DATE,Discout_VALUESs,SHOPID)VALUES(1,'2021/1/1','2021/1/31','43%',123);
INSERT INTO DISCOUNT(ID,START_DATE,END_DATE,Discout_VALUESs,SHOPID)VALUES(2,'2021/1/1','2021/1/15','49%',213);
INSERT INTO DISCOUNT(ID,START_DATE,END_DATE,Discout_VALUESs,SHOPID)VALUES(3,'2021/1/1','2021/1/31','46%',321);
INSERT INTO DISCOUNT(ID,START_DATE,END_DATE,Discout_VALUESs,SHOPID)VALUES(4,'2021/1/1','2021/1/15','50%',456);
INSERT INTO DISCOUNT(ID,START_DATE,END_DATE,Discout_VALUESs,SHOPID)VALUES(5,'2021/1/1','2021/1/31','5%',546);
INSERT INTO DISCOUNT(ID,START_DATE,END_DATE,Discout_VALUESs,SHOPID)VALUES(6,'2021/1/1','2021/1/31','10%',654);
INSERT INTO DISCOUNT(ID,START_DATE,END_DATE,Discout_VALUESs,SHOPID)VALUES(7,'2021/1/1','2021/1/12','18%',789);
INSERT INTO DISCOUNT(ID,START_DATE,END_DATE,Discout_VALUESs,SHOPID)VALUES(8,'2021/1/1','2021/1/31','15%','879');
INSERT INTO DISCOUNT(ID,START_DATE,END_DATE,Discout_VALUESs,SHOPID)VALUES(9,'2021/1/1','2021/1/12','15%',567);
INSERT INTO DISCOUNT(ID,START_DATE,END_DATE,Discout_VALUESs,SHOPID)VALUES(10,'2021/1/1','2021/1/31','50%',890);
INSERT INTO DISCOUNT(ID,START_DATE,END_DATE,Discout_VALUESs,SHOPID)VALUES(11,'2021/1/1','2021/1/15','48%',768);
INSERT INTO DISCOUNT(ID,START_DATE,END_DATE,Discout_VALUESs,SHOPID)VALUES(12,'2021/1/1','2021/1/31','20%',876);
INSERT INTO DISCOUNT(ID,START_DATE,END_DATE,Discout_VALUESs,SHOPID)VALUES(13,'2021/1/1','2021/1/15','10%',980);
INSERT INTO DISCOUNT(ID,START_DATE,END_DATE,Discout_VALUESs,SHOPID)VALUES(14,'2021/1/1','2021/1/31','10%',765);
INSERT INTO DISCOUNT(ID,START_DATE,END_DATE,Discout_VALUESs,SHOPID)VALUES(15,'2021/1/1','2021/1/31','40%',678);
INSERT INTO DISCOUNT(ID,START_DATE,END_DATE,Discout_VALUESs,SHOPID)VALUES(16,'2021/1/1','2021/1/31','41%',675);
INSERT INTO DISCOUNT(ID,START_DATE,END_DATE,Discout_VALUESs,SHOPID)VALUES(17,'2021/1/1','2021/1/12','15%',234);
INSERT INTO DISCOUNT(ID,START_DATE,END_DATE,Discout_VALUESs,SHOPID)VALUES(18,'2021/1/1','2021/1/31','40%',324);
INSERT INTO DISCOUNT(ID,START_DATE,END_DATE,Discout_VALUESs,SHOPID)VALUES(29,'2021/1/1','2021/1/31','30%',432);
INSERT INTO DISCOUNT(ID,START_DATE,END_DATE,Discout_VALUESs,SHOPID)VALUES(20,'2021/1/1','2021/1/12','10%',978);

create table invoicce( 
InvoiceNo    numeric(6),
Cusid     numeric(6) ,
InvDate      datetime ,
PROID numeric(4),
shopid numeric(4),
Quantity     numeric,
 PRIMARY KEY (InvoiceNo),
 foreign key (Cusid) references Customer(Cusid),
 foreign key(PROID)references PRODUCT(PROID),
 foreign key(shopid)references SHOP(shopid)
 );
INSERT INTO INVOICCE(INVOICENO,CUSID,INVDATE, PROID,shopid ,QUANTITY)VALUES(1,1,'2021/1/4',46,678,1);
INSERT INTO INVOICCE(INVOICENO,CUSID,INVDATE, PROID,shopid ,QUANTITY)VALUES(2,2,'2021/1/14',14,765,2);
INSERT INTO INVOICCE(INVOICENO,CUSID,INVDATE, PROID,shopid ,QUANTITY)VALUES(3,3,'2021/1/22',43,890,3);
INSERT INTO INVOICCE(INVOICENO,CUSID,INVDATE, PROID,shopid ,QUANTITY)VALUES(4,4,'2021/4/26',10,678,1);
INSERT INTO INVOICCE(INVOICENO,CUSID,INVDATE, PROID,shopid ,QUANTITY)VALUES(5,5,'2021/5/16',9,978,3);
INSERT INTO INVOICCE(INVOICENO,CUSID,INVDATE, PROID,shopid ,QUANTITY)VALUES(6,6,'2021/5/5',6,876,1);
INSERT INTO INVOICCE(INVOICENO,CUSID,INVDATE, PROID,shopid ,QUANTITY)VALUES(7,7,'2021/2/14',45,765,2);
INSERT INTO INVOICCE(INVOICENO,CUSID,INVDATE, PROID,shopid ,QUANTITY)VALUES(8,8,'2021/3/16',39,567,1);
INSERT INTO INVOICCE(INVOICENO,CUSID,INVDATE, PROID,shopid ,QUANTITY)VALUES(9,9,'2021/3/20',21,324,2);
INSERT INTO INVOICCE(INVOICENO,CUSID,INVDATE, PROID,shopid ,QUANTITY)VALUES(10,10,'2021/4/18',33,789,1);
INSERT INTO INVOICCE(INVOICENO,CUSID,INVDATE, PROID,shopid ,QUANTITY)VALUES(11,11,'2021/7/20',26,879,1);
INSERT INTO INVOICCE(INVOICENO,CUSID,INVDATE, PROID,shopid ,QUANTITY)VALUES(12,12,'2021/8/22',23,432,2);
INSERT INTO INVOICCE(INVOICENO,CUSID,INVDATE, PROID,shopid ,QUANTITY)VALUES(13,13,'2021/6/19',32,879,3);
INSERT INTO INVOICCE(INVOICENO,CUSID,INVDATE, PROID,shopid ,QUANTITY)VALUES(14,14,'2021/4/24',18,324,1);
INSERT INTO INVOICCE(INVOICENO,CUSID,INVDATE, PROID,shopid ,QUANTITY)VALUES(15,15,'2021/9/16',24,324,1);
INSERT INTO INVOICCE(INVOICENO,CUSID,INVDATE, PROID,shopid ,QUANTITY)VALUES(16,16,'2021/9/22',50,321,1);
INSERT INTO INVOICCE(INVOICENO,CUSID,INVDATE, PROID,shopid ,QUANTITY)VALUES(17,17,'2021/11/1',52,456,2);
INSERT INTO INVOICCE(INVOICENO,CUSID,INVDATE, PROID,shopid ,QUANTITY)VALUES(18,18,'2021/9/12',55,456,1);
INSERT INTO INVOICCE(INVOICENO,CUSID,INVDATE, PROID,shopid ,QUANTITY)VALUES(19,19,'2021/6/8',53,456,2);
INSERT INTO INVOICCE(INVOICENO,CUSID,INVDATE, PROID,shopid ,QUANTITY)VALUES(20,20,'2021/11/16',54,321,1);

create table Payment(
Payid numeric(3),
Cusid numeric(6),
EMID numeric(6),
date_order datetime,
invoiceno numeric(6),
SHIPID numeric(1),
AMOUNT_PAY decimal(10,2),
shopid numeric(4),
unit_price char(3),
MethodID numeric(1),
primary key(Payid),
foreign key (Cusid)references Customer(Cusid),
foreign key(invoiceno)references invoicce(invoiceno),
foreign key(methodid)references Method(methodid),
foreign key(SHIPID)references shipping(SHIPID),
foreign key (shopid)references shop(shopid),
foreign key(emid)references employee(emid)
);
INSERT INTO PAYMENT(Payid,Cusid,EMID,Date_order,invoiceno,shipid,AMOUNT_PAY,shopid ,unit_price,MethodID)VALUES(1,1,1,'2021/1/1',1,1,'1369000',678 ,'VND',1);
INSERT INTO PAYMENT(Payid,Cusid,EMID,Date_order,invoiceno,SHIPID,AMOUNT_PAY ,shopid,unit_price,MethodID)VALUES(2,2,2,'2021/1/12',2,1,'594000', 765,'VND',1);
INSERT INTO PAYMENT(Payid,Cusid,EMID,Date_order,invoiceno,SHIPID,AMOUNT_PAY,shopid ,unit_price,MethodID)VALUES(3,3,3,'2021/1/20',3,1,'780000',890 ,'VND','2');
INSERT INTO PAYMENT(Payid,Cusid,EMID,Date_order,invoiceno,SHIPID,AMOUNT_PAY,shopid ,unit_price,MethodID)VALUES(4,4,4,'2021/4/24',4,1,'1569000',678 ,'VND',1);
INSERT INTO PAYMENT(Payid,Cusid,EMID,Date_order,invoiceno,SHIPID,AMOUNT_PAY,shopid ,unit_price,MethodID)VALUES(5,5,5,'2021/5/14',5,1,'480000',978 ,'VND',1);
INSERT INTO PAYMENT(Payid,Cusid,EMID,Date_order,invoiceno,SHIPID,AMOUNT_PAY,shopid ,unit_price,MethodID)VALUES(6,6,6,'2021/5/4',6,1,'119000',876 ,'VND' ,2);
INSERT INTO PAYMENT(Payid,Cusid,EMID,Date_order,invoiceno,SHIPID,AMOUNT_PAY,shopid ,unit_price,MethodID)VALUES(7,7,7,'2021/2/12',7,1,'248000',765 ,'VND' ,1);
INSERT INTO PAYMENT(Payid,Cusid,EMID,Date_order,invoiceno,SHIPID,AMOUNT_PAY,shopid ,unit_price,MethodID)VALUES(8,8,8,'2021/3/14',8,1,'2220000',567 ,'VND' ,1);
INSERT INTO PAYMENT(Payid,Cusid,EMID,Date_order,invoiceno,SHIPID,AMOUNT_PAY,shopid ,unit_price,MethodID)VALUES(9,9,9,'2021/3/16',9,1,'2270000',324 ,'VND' ,1);
INSERT INTO PAYMENT(Payid,Cusid,EMID,Date_order,invoiceno,SHIPID,AMOUNT_PAY,shopid ,unit_price,MethodID)VALUES(10,10,10,'2021/4/15',10,1,'4020000',789 ,'VND',1);
INSERT INTO PAYMENT(Payid,Cusid,EMID,Date_order,invoiceno,SHIPID,AMOUNT_PAY,shopid ,unit_price,MethodID)VALUES(11,11,11,'2021/7/19',11,1,'6020000', 879,'VND',1);
INSERT INTO PAYMENT(Payid,Cusid,EMID,Date_order,invoiceno,SHIPID,AMOUNT_PAY,shopid ,unit_price,MethodID)VALUES(12,12,12,'2021/8/20',12,1,'230000',432 ,'VND',2);
INSERT INTO PAYMENT(Payid,Cusid,EMID,Date_order,invoiceno,SHIPID,AMOUNT_PAY,shopid ,unit_price,MethodID)VALUES(13,13,13,'2021/6/17',13,1,'1200000',879 ,'VND',2);
INSERT INTO PAYMENT(Payid,Cusid,EMID,Date_order,invoiceno,SHIPID,AMOUNT_PAY,shopid ,unit_price,MethodID)VALUES(14,14,14,'2021/4/21',14,1,'990000',324 ,'VND',1);
INSERT INTO PAYMENT(Payid,Cusid,EMID,Date_order,invoiceno,SHIPID,AMOUNT_PAY,shopid ,unit_price,MethodID)VALUES(15,15,15,'2021/9/15',15,1,'2250000',324 ,'VND',1);
INSERT INTO PAYMENT(Payid,Cusid,EMID,Date_order,invoiceno,SHIPID,AMOUNT_PAY,shopid ,unit_price,MethodID)VALUES(16,16,16,'2021/9/19',16,1,'557000' ,321 ,'VND',2);
INSERT INTO PAYMENT(Payid,Cusid,EMID,Date_order,invoiceno,SHIPID,AMOUNT_PAY,shopid ,unit_price,MethodID)VALUES(17,17,17,'2021/10/29',17,1,'770000',456 ,'VND',2);
INSERT INTO PAYMENT(Payid,Cusid,EMID,Date_order,invoiceno,SHIPID,AMOUNT_PAY,shopid ,unit_price,MethodID)VALUES(18,18,18,'2021/9/9',18,1,'515000',456 ,'VND',1);
INSERT INTO PAYMENT(Payid,Cusid,EMID,Date_order,invoiceno,SHIPID,AMOUNT_PAY,shopid ,unit_price,MethodID)VALUES(19,19,19,'2021/6/6',19,1,'1080000',456 ,'VND',1);
INSERT INTO PAYMENT(Payid,Cusid,EMID,Date_order,invoiceno,SHIPID,AMOUNT_PAY,shopid ,unit_price,MethodID)VALUES(20,20,20,'2021/11/14',20,1,'401000',321 ,'VND',2);